lambda	amp
695.323	0.000
695.501	0.000
695.678	0.000
695.856	0.006
696.033	0.012
696.211	0.026
696.388	0.020
696.566	0.026
696.743	0.022
696.920	0.024
697.098	0.026
697.275	0.029
697.452	0.031
697.629	0.032
697.807	0.033
697.984	0.034
698.161	0.034
698.338	0.034
698.515	0.034
698.692	0.036
698.869	0.036
699.046	0.036
699.222	0.036
699.399	0.035
699.576	0.034
699.753	0.033
699.929	0.033
700.106	0.033
700.283	0.032
700.459	0.032
700.636	0.032
700.812	0.032
700.989	0.032
701.165	0.031
701.342	0.031
701.518	0.032
701.694	0.030
701.870	0.029
702.047	0.030
702.223	0.030
702.399	0.030
702.575	0.031
702.751	0.031
702.927	0.030
703.103	0.030
703.279	0.030
703.455	0.030
703.631	0.030
703.807	0.029
703.983	0.029
704.159	0.028
704.334	0.029
704.510	0.029
704.686	0.030
704.861	0.030
705.037	0.029
705.212	0.030
705.388	0.030
705.563	0.030
705.739	0.029
705.914	0.029
706.090	0.030
706.265	0.029
706.440	0.029
706.615	0.029
706.791	0.029
706.966	0.029
707.141	0.030
707.316	0.029
707.491	0.029
707.666	0.028
707.841	0.028
708.016	0.026
708.191	0.025
708.366	0.025
708.541	0.025
708.715	0.025
708.890	0.025
709.065	0.026
709.240	0.026
709.414	0.026
709.589	0.026
709.763	0.026
709.938	0.026
710.112	0.026
710.287	0.027
710.461	0.026
710.636	0.027
710.810	0.028
710.984	0.029
711.158	0.029
711.333	0.030
711.507	0.030
711.681	0.029
711.855	0.029
712.029	0.028
712.203	0.027
712.377	0.027
712.551	0.028
712.725	0.028
712.899	0.027
713.073	0.027
713.246	0.028
713.420	0.028
713.594	0.028
713.768	0.029
713.941	0.028
714.115	0.029
714.288	0.028
714.462	0.028
714.635	0.028
714.809	0.028
714.982	0.028
715.156	0.027
715.329	0.027
715.502	0.026
715.676	0.027
715.849	0.028
716.022	0.028
716.195	0.028
716.368	0.027
716.541	0.027
716.714	0.027
716.887	0.027
717.060	0.027
717.233	0.028
717.406	0.029
717.579	0.029
717.752	0.029
717.924	0.030
718.097	0.031
718.270	0.031
718.443	0.032
718.615	0.032
718.788	0.033
718.960	0.032
719.133	0.032
719.305	0.030
719.478	0.030
719.650	0.029
719.822	0.030
719.995	0.031
720.167	0.030
720.339	0.029
720.511	0.029
720.684	0.028
720.856	0.028
721.028	0.028
721.200	0.028
721.372	0.028
721.544	0.026
721.716	0.027
721.888	0.027
722.059	0.027
722.231	0.028
722.403	0.029
722.575	0.030
722.746	0.029
722.918	0.029
723.090	0.030
723.261	0.030
723.433	0.030
723.604	0.030
723.776	0.030
723.947	0.030
724.119	0.030
724.290	0.030
724.461	0.030
724.633	0.029
724.804	0.029
724.975	0.028
725.146	0.028
725.317	0.027
725.488	0.027
725.659	0.027
725.831	0.027
726.001	0.027
726.172	0.027
726.343	0.027
726.514	0.027
726.685	0.027
726.856	0.026
727.026	0.026
727.197	0.027
727.368	0.028
727.539	0.028
727.709	0.029
727.880	0.030
728.050	0.030
728.221	0.030
728.391	0.030
728.561	0.029
728.732	0.028
728.902	0.029
729.072	0.029
729.243	0.029
729.413	0.030
729.583	0.030
729.753	0.031
729.923	0.031
730.093	0.031
730.263	0.032
730.433	0.033
730.603	0.032
730.773	0.031
730.943	0.031
731.113	0.030
731.283	0.030
731.452	0.029
731.622	0.029
731.792	0.027
731.961	0.027
732.131	0.027
732.301	0.027
732.470	0.026
732.640	0.026
732.809	0.025
732.979	0.026
733.148	0.025
733.317	0.025
733.487	0.026
733.656	0.027
733.825	0.029
733.994	0.030
734.163	0.031
734.332	0.031
734.501	0.031
734.671	0.032
734.839	0.031
735.008	0.032
735.177	0.032
735.346	0.032
735.515	0.031
735.684	0.032
735.853	0.032
736.021	0.032
736.190	0.032
736.359	0.031
736.527	0.031
736.696	0.029
736.864	0.029
737.033	0.029
737.201	0.029
737.370	0.031
737.538	0.031
737.706	0.032
737.875	0.032
738.043	0.032
738.211	0.032
738.379	0.033
738.548	0.033
738.716	0.032
738.884	0.031
739.052	0.031
739.220	0.031
739.388	0.032
739.556	0.031
739.724	0.032
739.891	0.032
740.059	0.033
740.227	0.032
740.395	0.031
740.562	0.032
740.730	0.031
740.898	0.032
741.065	0.032
741.233	0.032
741.400	0.033
741.568	0.034
741.735	0.035
741.903	0.036
742.070	0.035
742.237	0.035
742.405	0.034
742.572	0.035
742.739	0.034
742.906	0.032
743.073	0.033
743.240	0.032
743.407	0.032
743.574	0.033
743.741	0.035
743.908	0.036
744.075	0.035
744.242	0.034
744.409	0.033
744.576	0.033
744.742	0.032
744.909	0.031
745.076	0.032
745.242	0.033
745.409	0.033
745.576	0.033
745.742	0.033
745.909	0.033
746.075	0.034
746.241	0.033
746.408	0.033
746.574	0.030
746.740	0.030
746.906	0.030
747.073	0.029
747.239	0.030
747.405	0.030
747.571	0.029
747.737	0.029
747.903	0.030
748.069	0.030
748.235	0.030
748.401	0.030
748.567	0.030
748.733	0.029
748.898	0.029
749.064	0.030
749.230	0.030
749.396	0.030
749.561	0.029
749.727	0.029
749.892	0.030
750.058	0.030
750.223	0.030
750.389	0.030
750.554	0.031
750.720	0.030
750.885	0.030
751.050	0.032
751.215	0.032
751.381	0.033
751.546	0.035
751.711	0.037
751.876	0.037
752.041	0.038
752.206	0.040
752.371	0.040
752.536	0.041
752.701	0.043
752.866	0.045
753.031	0.045
753.195	0.048
753.360	0.049
753.525	0.052
753.690	0.053
753.854	0.055
754.019	0.056
754.183	0.060
754.348	0.062
754.513	0.065
754.677	0.069
754.841	0.072
755.006	0.076
755.170	0.082
755.334	0.089
755.499	0.095
755.663	0.101
755.827	0.108
755.991	0.114
756.155	0.121
756.319	0.128
756.483	0.134
756.647	0.141
756.811	0.150
756.975	0.158
757.139	0.167
757.303	0.178
757.467	0.189
757.631	0.200
757.794	0.210
757.958	0.219
758.122	0.228
758.285	0.237
758.449	0.245
758.612	0.256
758.776	0.266
758.939	0.277
759.103	0.290
759.266	0.300
759.429	0.309
759.593	0.319
759.756	0.328
759.919	0.337
760.082	0.346
760.246	0.352
760.409	0.360
760.572	0.375
760.735	0.392
760.898	0.404
761.061	0.414
761.224	0.423
761.387	0.432
761.549	0.439
761.712	0.447
761.875	0.459
762.038	0.472
762.201	0.485
762.363	0.495
762.526	0.502
762.688	0.508
762.851	0.516
763.013	0.527
763.176	0.538
763.338	0.541
763.501	0.543
763.663	0.546
763.825	0.551
763.988	0.561
764.150	0.574
764.312	0.593
764.474	0.608
764.636	0.615
764.798	0.624
764.961	0.635
765.122	0.644
765.284	0.661
765.446	0.675
765.608	0.684
765.770	0.694
765.932	0.707
766.094	0.718
766.255	0.728
766.417	0.743
766.579	0.758
766.740	0.770
766.902	0.778
767.064	0.780
767.225	0.789
767.387	0.800
767.548	0.810
767.709	0.818
767.871	0.826
768.032	0.831
768.193	0.836
768.355	0.841
768.516	0.842
768.677	0.842
768.838	0.844
768.999	0.849
769.160	0.857
769.321	0.860
769.482	0.861
769.643	0.863
769.804	0.865
769.965	0.864
770.126	0.863
770.287	0.856
770.447	0.853
770.608	0.854
770.769	0.848
770.929	0.850
771.090	0.853
771.251	0.859
771.411	0.866
771.572	0.875
771.732	0.884
771.892	0.884
772.053	0.886
772.213	0.895
772.373	0.902
772.534	0.910
772.694	0.910
772.854	0.915
773.014	0.921
773.174	0.923
773.334	0.923
773.494	0.928
773.654	0.930
773.814	0.937
773.974	0.940
774.134	0.951
774.294	0.957
774.454	0.954
774.614	0.954
774.773	0.961
774.933	0.965
775.093	0.968
775.252	0.974
775.412	0.981
775.571	0.979
775.731	0.976
775.890	0.977
776.050	0.986
776.209	0.995
776.368	1.000
776.528	0.996
776.687	0.994
776.846	0.986
777.005	0.981
777.165	0.986
777.324	0.991
777.483	0.989
777.642	0.986
777.801	0.978
777.960	0.970
778.119	0.966
778.278	0.966
778.436	0.966
778.595	0.966
778.754	0.961
778.913	0.949
779.071	0.939
779.230	0.933
779.389	0.923
779.547	0.911
779.706	0.891
779.864	0.870
780.023	0.851
780.181	0.835
780.340	0.817
780.498	0.812
780.656	0.808
780.815	0.800
780.973	0.795
781.131	0.789
781.289	0.782
781.447	0.773
781.605	0.774
781.763	0.773
781.921	0.772
782.079	0.773
782.237	0.774
782.395	0.777
782.553	0.776
782.711	0.772
782.869	0.771
783.026	0.769
783.184	0.767
783.342	0.761
783.499	0.759
783.657	0.758
783.814	0.760
783.972	0.763
784.129	0.768
784.287	0.765
784.444	0.764
784.602	0.769
784.759	0.773
784.916	0.777
785.073	0.780
785.231	0.789
785.388	0.803
785.545	0.806
785.702	0.810
785.859	0.808
786.016	0.806
786.173	0.804
786.330	0.805
786.487	0.809
786.644	0.805
786.801	0.800
786.957	0.797
787.114	0.793
787.271	0.792
787.427	0.785
787.584	0.774
787.741	0.765
787.897	0.759
788.054	0.748
788.210	0.745
788.367	0.745
788.523	0.743
788.680	0.740
788.836	0.738
788.992	0.737
789.148	0.733
789.305	0.734
789.461	0.731
789.617	0.725
789.773	0.720
789.929	0.715
790.085	0.711
790.241	0.716
790.397	0.724
790.553	0.727
790.709	0.737
790.865	0.741
791.020	0.742
791.176	0.744
791.332	0.744
791.488	0.749
791.643	0.753
791.799	0.756
791.954	0.761
792.110	0.771
792.265	0.788
792.421	0.794
792.576	0.799
792.732	0.807
792.887	0.814
793.042	0.818
793.198	0.820
793.353	0.811
793.508	0.809
793.663	0.817
793.818	0.821
793.973	0.829
794.128	0.831
794.283	0.827
794.438	0.828
794.593	0.826
794.748	0.825
794.903	0.821
795.058	0.829
795.212	0.834
795.367	0.841
795.522	0.846
795.677	0.848
795.831	0.851
795.986	0.860
796.140	0.861
796.295	0.859
796.449	0.860
796.604	0.855
796.758	0.849
796.912	0.845
797.067	0.840
797.221	0.838
797.375	0.831
797.529	0.825
797.683	0.817
797.838	0.815
797.992	0.808
798.146	0.808
798.300	0.813
798.454	0.814
798.608	0.811
798.761	0.812
798.915	0.810
799.069	0.814
799.223	0.824
799.377	0.836
799.530	0.848
799.684	0.861
799.838	0.877
799.991	0.891
800.145	0.899
800.298	0.903
800.452	0.901
800.605	0.901
800.759	0.891
800.912	0.874
801.065	0.864
801.218	0.865
801.372	0.865
801.525	0.869
801.678	0.875
801.831	0.879
801.984	0.874
802.137	0.865
802.290	0.853
802.443	0.836
802.596	0.821
802.749	0.808
802.902	0.799
803.055	0.788
803.208	0.774
803.360	0.770
803.513	0.769
803.666	0.767
803.818	0.757
803.971	0.750
804.123	0.736
804.276	0.712
804.428	0.689
804.581	0.673
804.733	0.660
804.886	0.645
805.038	0.638
805.190	0.640
805.343	0.647
805.495	0.648
805.647	0.647
805.799	0.651
805.951	0.651
806.103	0.657
806.255	0.663
806.407	0.663
806.559	0.668
806.711	0.674
806.863	0.679
807.015	0.685
807.167	0.692
807.318	0.702
807.470	0.716
807.622	0.723
807.773	0.724
807.925	0.721
808.076	0.720
808.228	0.724
808.379	0.720
808.531	0.716
808.682	0.714
808.834	0.715
808.985	0.713
809.136	0.702
809.288	0.690
809.439	0.684
809.590	0.679
809.741	0.676
809.892	0.670
810.043	0.660
810.194	0.658
810.345	0.658
810.496	0.657
810.647	0.651
810.798	0.642
810.949	0.636
811.100	0.628
811.250	0.617
811.401	0.602
811.552	0.597
811.702	0.597
811.853	0.598
812.004	0.592
812.154	0.584
812.305	0.571
812.455	0.558
812.606	0.541
812.756	0.519
812.906	0.494
813.057	0.474
813.207	0.465
813.357	0.457
813.507	0.453
813.657	0.450
813.807	0.443
813.958	0.436
814.108	0.425
814.258	0.413
814.408	0.397
814.557	0.388
814.707	0.383
814.857	0.380
815.007	0.377
815.157	0.379
815.307	0.379
815.456	0.380
815.606	0.379
815.755	0.378
815.905	0.376
816.055	0.371
816.204	0.365
816.354	0.357
816.503	0.352
816.652	0.351
816.802	0.354
816.951	0.354
817.100	0.350
817.250	0.345
817.399	0.341
817.548	0.337
817.697	0.332
817.846	0.330
817.995	0.326
818.144	0.322
818.293	0.316
818.442	0.311
818.591	0.307
818.740	0.302
818.889	0.300
819.037	0.298
819.186	0.294
819.335	0.284
819.483	0.279
819.632	0.280
819.781	0.278
819.929	0.280
820.078	0.279
820.226	0.278
820.375	0.273
820.523	0.272
820.671	0.269
820.820	0.267
820.968	0.266
821.116	0.268
821.264	0.271
821.413	0.274
821.561	0.276
821.709	0.276
821.857	0.277
822.005	0.279
822.153	0.275
822.301	0.272
822.449	0.267
822.597	0.262
822.744	0.261
822.892	0.262
823.040	0.260
823.188	0.259
823.335	0.260
823.483	0.261
823.630	0.258
823.778	0.254
823.926	0.250
824.073	0.246
824.221	0.239
824.368	0.234
824.515	0.231
824.663	0.229
824.810	0.226
824.957	0.222
825.104	0.220
825.252	0.216
825.399	0.209
825.546	0.204
825.693	0.200
825.840	0.194
825.987	0.188
826.134	0.182
826.281	0.178
826.428	0.174
826.574	0.170
826.721	0.170
826.868	0.168
827.015	0.163
827.161	0.160
827.308	0.159
827.455	0.159
827.601	0.158
827.748	0.156
827.894	0.155
828.041	0.153
828.187	0.150
828.333	0.147
828.480	0.146
828.626	0.147
828.772	0.146
828.918	0.144
829.065	0.144
829.211	0.144
829.357	0.145
829.503	0.147
829.649	0.148
829.795	0.148
829.941	0.147
830.087	0.147
830.233	0.147
830.379	0.149
830.524	0.151
830.670	0.151
830.816	0.153
830.962	0.152
831.107	0.151
831.253	0.152
831.398	0.154
831.544	0.152
831.689	0.150
831.835	0.147
831.980	0.146
832.126	0.142
832.271	0.139
832.416	0.135
832.562	0.132
832.707	0.128
832.852	0.125
832.997	0.120
833.142	0.117
833.287	0.115
833.432	0.112
833.577	0.108
833.722	0.104
833.867	0.099
834.012	0.096
834.157	0.094
834.302	0.093
834.447	0.091
834.591	0.091
834.736	0.089
834.881	0.090
835.025	0.090
835.170	0.089
835.314	0.087
835.459	0.086
835.603	0.086
835.748	0.084
835.892	0.083
836.037	0.082
836.181	0.082
836.325	0.080
836.469	0.079
836.614	0.078
836.758	0.076
836.902	0.076
837.046	0.075
837.190	0.073
837.334	0.072
837.478	0.070
837.622	0.070
837.766	0.070
837.910	0.070
838.054	0.069
838.197	0.068
838.341	0.067
838.485	0.066
838.628	0.065
838.772	0.065
838.916	0.065
839.059	0.064
839.203	0.063
839.346	0.062
839.490	0.060
839.633	0.059
839.776	0.059
839.920	0.058
840.063	0.056
840.206	0.054
840.349	0.053
840.493	0.051
840.636	0.050
840.779	0.051
840.922	0.051
841.065	0.050
841.208	0.049
841.351	0.049
841.494	0.048
841.637	0.048
841.779	0.047
841.922	0.047
842.065	0.047
842.208	0.046
842.350	0.046
842.493	0.046
842.636	0.046
842.778	0.045
842.921	0.045
843.063	0.045
843.206	0.044
843.348	0.042
843.490	0.041
843.633	0.040
843.775	0.040
843.917	0.039
844.059	0.039
844.202	0.038
844.344	0.036
844.486	0.036
844.628	0.035
844.770	0.033
844.912	0.033
845.054	0.033
845.196	0.033
845.338	0.033
845.479	0.032
845.621	0.033
845.763	0.033
845.905	0.033
846.047	0.034
846.188	0.034
846.330	0.034
846.471	0.034
846.613	0.034
846.754	0.036
846.896	0.036
847.037	0.036
847.179	0.038
847.320	0.038
847.461	0.037
847.602	0.037
847.744	0.037
847.885	0.038
848.026	0.037
848.167	0.037
848.308	0.037
848.449	0.036
848.590	0.036
848.731	0.036
848.872	0.036
849.013	0.036
849.154	0.035
849.295	0.035
849.435	0.034
849.576	0.034
849.717	0.033
849.857	0.032
849.998	0.032
850.139	0.032
850.279	0.031
850.420	0.031
850.560	0.031
850.701	0.031
850.841	0.031
850.981	0.030
851.122	0.029
851.262	0.029
851.402	0.029
851.542	0.027
851.682	0.027
851.823	0.027
851.963	0.028
852.103	0.029
852.243	0.029
852.383	0.029
852.523	0.028
852.663	0.028
852.802	0.027
852.942	0.027
853.082	0.026
853.222	0.027
853.361	0.027
853.501	0.027
853.641	0.027
853.780	0.028
853.920	0.028
854.059	0.028
854.199	0.027
854.338	0.027
854.478	0.026
854.617	0.026
854.756	0.026
854.896	0.025
855.035	0.025
855.174	0.025
855.313	0.026
855.452	0.026
855.591	0.025
855.730	0.027
855.870	0.027
856.008	0.027
856.147	0.026
856.286	0.027
856.425	0.026
856.564	0.027
856.703	0.027
856.841	0.027
856.980	0.027
857.119	0.028
857.258	0.029
857.396	0.029
857.535	0.030
857.673	0.030
857.812	0.030
857.950	0.029
858.089	0.028
858.227	0.028
858.365	0.028
858.503	0.028
858.642	0.028
858.780	0.029
858.918	0.028
859.056	0.028
859.194	0.029
859.332	0.029
859.470	0.028
859.608	0.028
859.746	0.028
859.884	0.027
860.022	0.027
860.160	0.028
860.298	0.027
860.436	0.027
860.573	0.026
860.711	0.026
860.849	0.027
860.986	0.026
861.124	0.026
861.261	0.026
861.399	0.026
861.536	0.025
861.674	0.025
861.811	0.026
861.948	0.026
862.086	0.027
862.223	0.029
862.360	0.029
862.497	0.028
862.634	0.029
862.771	0.030
862.909	0.031
863.046	0.030
863.183	0.030
863.320	0.030
863.456	0.030
863.593	0.031
863.730	0.030
863.867	0.031
864.004	0.030
864.140	0.030
864.277	0.029
864.414	0.028
864.550	0.028
864.687	0.028
864.824	0.028
864.960	0.028
865.096	0.029
865.233	0.029
865.369	0.029
865.506	0.030
865.642	0.030
865.778	0.030
865.914	0.030
866.051	0.031
866.187	0.031
866.323	0.032
866.459	0.032
866.595	0.032
866.731	0.032
866.867	0.032
867.003	0.032
867.139	0.031
867.275	0.031
867.410	0.030
867.546	0.030
867.682	0.029
867.818	0.030
867.953	0.030
868.089	0.030
868.224	0.029
868.360	0.030
868.496	0.030
868.631	0.029
868.766	0.029
868.902	0.029
869.037	0.029
869.172	0.028
869.308	0.028
869.443	0.028
869.578	0.028
869.713	0.028
869.848	0.028
869.984	0.028
870.119	0.028
870.254	0.028
870.389	0.028
870.523	0.027
870.658	0.028
870.793	0.028
870.928	0.029
871.063	0.029
871.198	0.028
871.332	0.028
871.467	0.029
871.602	0.029
871.736	0.029
871.871	0.030
872.005	0.031
872.140	0.031
872.274	0.031
872.409	0.031
872.543	0.032
872.677	0.033
872.812	0.033
872.946	0.032
873.080	0.032
873.214	0.031
873.348	0.031
873.482	0.032
873.616	0.032
873.750	0.033
873.884	0.032
874.018	0.034
874.152	0.034
874.286	0.033
874.420	0.032
874.554	0.033
874.687	0.033
874.821	0.032
874.955	0.032
875.089	0.032
875.222	0.032
875.356	0.032
875.489	0.031
875.623	0.030
875.756	0.031
875.890	0.031
876.023	0.031
876.156	0.031
876.289	0.029
876.423	0.029
876.556	0.028
876.689	0.029
876.822	0.029
876.955	0.029
877.088	0.029
877.221	0.028
877.354	0.029
877.487	0.029
877.620	0.028
877.753	0.029
877.886	0.030
878.019	0.027
878.152	0.027
878.284	0.027
878.417	0.028
878.550	0.029
878.682	0.028
878.815	0.029
878.947	0.028
879.080	0.027
879.212	0.027
879.345	0.025
879.477	0.027
879.609	0.026
879.742	0.026
879.874	0.025
880.006	0.024
880.138	0.023
880.271	0.024
880.403	0.024
880.535	0.024
880.667	0.023
880.799	0.023
880.931	0.024
881.063	0.024
881.195	0.023
881.326	0.023
881.458	0.022
881.590	0.024
881.722	0.024
881.853	0.025
881.985	0.025
882.117	0.027
882.248	0.028
882.380	0.028
882.511	0.028
882.643	0.028
882.774	0.028
882.906	0.028
883.037	0.027
883.168	0.027
883.299	0.029
883.431	0.030
883.562	0.030
883.693	0.030
883.824	0.030
883.955	0.030
884.086	0.029
884.217	0.028
884.348	0.028
884.479	0.028
884.610	0.029
884.741	0.029
884.872	0.029
885.003	0.028
885.133	0.027
885.264	0.028
885.395	0.029
885.525	0.027
885.656	0.027
885.786	0.027
885.917	0.027
886.047	0.028
886.178	0.028
886.308	0.028
886.438	0.028
886.569	0.028
886.699	0.028
886.829	0.028
886.960	0.028
887.090	0.028
887.220	0.028
887.350	0.029
887.480	0.029
887.610	0.029
887.740	0.030
887.870	0.030
888.000	0.030
888.130	0.031
888.259	0.029
888.389	0.029
888.519	0.029
888.649	0.030
888.778	0.030
888.908	0.029
889.038	0.029
889.167	0.028
889.297	0.029
889.426	0.030
889.556	0.030
889.685	0.030
889.814	0.029
889.944	0.028
890.073	0.028
890.202	0.029
890.331	0.028
890.461	0.029
890.590	0.028
890.719	0.028
890.848	0.028
890.977	0.028
891.106	0.028
891.235	0.028
891.364	0.029
891.493	0.028
891.621	0.028
891.750	0.027
891.879	0.027
892.008	0.027
892.136	0.027
892.265	0.027
892.394	0.027
892.522	0.026
892.651	0.026
892.779	0.025
892.908	0.025
893.036	0.026
893.164	0.026
893.293	0.026
893.421	0.027
893.549	0.027
893.678	0.028
893.806	0.028
893.934	0.028
894.062	0.028
894.190	0.028
894.318	0.028
894.446	0.028
894.574	0.027
894.702	0.028
894.830	0.027
894.958	0.027
895.085	0.027
895.213	0.026
895.341	0.027
895.469	0.027
895.596	0.027
895.724	0.026
895.851	0.025
895.979	0.025
896.106	0.025
896.234	0.025
896.361	0.026
896.489	0.026
896.616	0.026
896.743	0.026
896.871	0.027
896.998	0.027
897.125	0.027
897.252	0.027
897.379	0.027
897.506	0.026
897.633	0.026
897.760	0.026
897.887	0.025
898.014	0.026
898.141	0.026
898.268	0.026
898.395	0.026
898.522	0.026
898.648	0.025
898.775	0.025
898.902	0.026
899.028	0.026
899.155	0.025
899.281	0.027
899.408	0.027
899.534	0.027
899.661	0.027
899.787	0.026
899.914	0.025
900.040	0.025
900.166	0.025
900.292	0.026
900.419	0.026
900.545	0.026
900.671	0.026
900.797	0.026
900.923	0.026
901.049	0.025
901.175	0.025
901.301	0.026
901.427	0.026
901.553	0.025
901.678	0.026
901.804	0.027
901.930	0.027
902.056	0.028
902.181	0.029
902.307	0.028
902.433	0.028
902.558	0.028
902.684	0.028
902.809	0.027
902.935	0.027
903.060	0.027
903.185	0.027
903.311	0.027
903.436	0.026
903.561	0.027
903.686	0.028
903.812	0.029
903.937	0.029
904.062	0.029
904.187	0.028
904.312	0.028
904.437	0.028
904.562	0.029
904.687	0.030
904.812	0.030
904.936	0.030
905.061	0.030
905.186	0.030
905.311	0.031
905.435	0.030
905.560	0.030
905.685	0.028
905.809	0.028
905.934	0.027
906.058	0.026
906.182	0.026
906.307	0.027
906.431	0.026
906.556	0.027
906.680	0.026
906.804	0.025
906.928	0.026
907.053	0.026
907.177	0.028
907.301	0.028
907.425	0.027
907.549	0.028
907.673	0.028
907.797	0.029
907.921	0.028
908.045	0.028
908.168	0.029
908.292	0.029
908.416	0.028
908.540	0.029
908.663	0.029
908.787	0.028
908.911	0.028
909.034	0.027
909.158	0.026
909.281	0.025
909.405	0.027
909.528	0.027
909.651	0.027
909.775	0.028
909.898	0.028
910.021	0.029
910.145	0.030
910.268	0.029
910.391	0.028
910.514	0.028
910.637	0.028
910.760	0.028
910.883	0.028
911.006	0.028
911.129	0.030
911.252	0.030
911.375	0.030
911.497	0.029
911.620	0.029
911.743	0.028
911.866	0.027
911.988	0.027
912.111	0.027
912.234	0.026
912.356	0.028
912.479	0.028
912.601	0.027
912.723	0.028
912.846	0.027
912.968	0.027
913.091	0.028
913.213	0.027
913.335	0.027
913.457	0.028
913.579	0.027
913.701	0.027
913.824	0.027
913.946	0.029
914.068	0.029
914.190	0.028
914.312	0.028
914.433	0.028
914.555	0.028
914.677	0.029
914.799	0.029
914.921	0.030
915.042	0.029
915.164	0.029
915.286	0.028
915.407	0.029
915.529	0.029
915.650	0.029
915.772	0.030
915.893	0.031
916.014	0.030
916.136	0.030
916.257	0.030
916.378	0.030
916.500	0.031
916.621	0.031
916.742	0.031
916.863	0.032
916.984	0.031
917.105	0.031
917.226	0.031
917.347	0.031
917.468	0.031
917.589	0.031
917.710	0.031
917.831	0.031
917.952	0.030
918.072	0.028
918.193	0.028
918.314	0.029
918.434	0.027
918.555	0.028
918.675	0.028
918.796	0.027
918.916	0.027
919.037	0.028
919.157	0.028
919.278	0.029
919.398	0.027
919.518	0.027
919.639	0.027
919.759	0.026
919.879	0.025
919.999	0.024
920.119	0.025
920.239	0.026
920.359	0.025
920.479	0.025
920.599	0.024
920.719	0.024
920.839	0.023
920.959	0.024
921.079	0.024
921.198	0.022
921.318	0.021
921.438	0.022
921.557	0.023
921.677	0.023
921.797	0.023
921.916	0.024
922.036	0.025
922.155	0.025
922.274	0.025
922.394	0.026
922.513	0.028
922.632	0.027
922.752	0.027
922.871	0.028
922.990	0.028
923.109	0.028
923.228	0.029
923.347	0.030
923.466	0.029
923.585	0.030
923.704	0.030
923.823	0.030
923.942	0.030
924.061	0.030
924.180	0.030
924.298	0.030
924.417	0.029
924.536	0.029
924.655	0.030
924.773	0.029
924.892	0.029
925.010	0.029
925.129	0.029
925.247	0.029
925.366	0.028
925.484	0.028
925.602	0.028
925.721	0.027
925.839	0.029
925.957	0.029
926.075	0.029
926.193	0.029
926.312	0.028
926.430	0.030
926.548	0.030
926.666	0.029
926.784	0.028
926.902	0.028
927.019	0.028
927.137	0.029
927.255	0.030
927.373	0.030
927.491	0.030
927.608	0.030
927.726	0.030
927.844	0.029
927.961	0.029
928.079	0.028
928.196	0.029
928.314	0.029
928.431	0.029
928.549	0.029
928.666	0.028
928.783	0.029
928.900	0.030
929.018	0.029
929.135	0.028
929.252	0.028
929.369	0.027
929.486	0.027
929.603	0.028
929.720	0.030
929.837	0.030
929.954	0.030
930.071	0.030
930.188	0.029
930.305	0.029
930.422	0.028
930.538	0.028
930.655	0.028
930.772	0.028
930.888	0.029
931.005	0.029
931.121	0.029
931.238	0.029
931.354	0.028
931.471	0.028
931.587	0.028
931.704	0.026
931.820	0.028
931.936	0.027
932.052	0.027
932.169	0.027
932.285	0.028
932.401	0.029
932.517	0.030
932.633	0.030
932.749	0.029
932.865	0.029
932.981	0.028
933.097	0.029
933.213	0.030
933.329	0.030
933.444	0.030
933.560	0.029
933.676	0.030
933.792	0.029
933.907	0.029
934.023	0.030
934.138	0.029
934.254	0.028
934.369	0.028
934.485	0.028
934.600	0.028
934.716	0.028
934.831	0.028
934.946	0.027
935.061	0.027
935.177	0.026
935.292	0.026
935.407	0.026
935.522	0.027
935.637	0.026
935.752	0.026
935.867	0.025
935.982	0.025
936.097	0.026
936.212	0.026
936.327	0.026
936.441	0.025
936.556	0.026
936.671	0.027
936.786	0.026
936.900	0.027
937.015	0.027
937.129	0.028
937.244	0.028
937.358	0.027
937.473	0.027
937.587	0.028
937.702	0.028
937.816	0.030
937.930	0.029
938.045	0.030
938.159	0.029
938.273	0.030
938.387	0.031
938.501	0.030
938.615	0.030
938.729	0.031
938.843	0.030
938.957	0.031
939.071	0.029
939.185	0.030
939.299	0.031
939.413	0.030
939.526	0.030
939.640	0.029
939.754	0.028
939.868	0.029
939.981	0.028
940.095	0.027
940.208	0.028
940.322	0.027
940.435	0.027
940.549	0.027
940.662	0.027
940.775	0.027
940.889	0.028
941.002	0.028
941.115	0.028
941.228	0.028
941.342	0.028
941.455	0.029
941.568	0.030
941.681	0.030
941.794	0.030
941.907	0.031
942.020	0.031
942.133	0.031
942.245	0.032
942.358	0.032
942.471	0.030
942.584	0.029
942.696	0.030
942.809	0.029
942.922	0.029
943.034	0.028
943.147	0.028
943.259	0.029
943.372	0.028
943.484	0.027
943.597	0.028
943.709	0.028
943.821	0.027
943.934	0.027
944.046	0.026
944.158	0.027
944.270	0.027
944.382	0.027
944.494	0.028
944.607	0.027
944.719	0.027
944.830	0.027
944.942	0.027
945.054	0.027
945.166	0.026
945.278	0.026
945.390	0.026
945.502	0.026
945.613	0.025
945.725	0.025
945.836	0.025
945.948	0.027
946.060	0.026
946.171	0.026
946.283	0.027
946.394	0.026
946.505	0.026
946.617	0.026
946.728	0.026
946.839	0.026
946.951	0.025
947.062	0.027
947.173	0.026
947.284	0.027
947.395	0.028
947.506	0.027
947.617	0.027
947.728	0.028
947.839	0.026
947.950	0.031
948.061	0.033
948.172	0.033
948.283	0.033
948.393	0.033
948.504	0.034
948.615	0.034
948.725	0.035
948.836	0.035
948.947	0.035
949.057	0.035
949.168	0.034
949.278	0.034
949.388	0.034
949.499	0.034
949.609	0.033
949.720	0.034
949.830	0.028
949.940	0.027
950.050	0.026
950.160	0.027
950.270	0.028
950.380	0.028
950.491	0.028
950.601	0.028
950.710	0.028
950.820	0.028
950.930	0.029
951.040	0.028
951.150	0.027
951.260	0.028
951.369	0.028
951.479	0.027
951.589	0.027
951.698	0.028
951.808	0.028
951.917	0.027
952.027	0.027
952.136	0.026
952.246	0.025
952.355	0.025
952.464	0.024
952.574	0.023
952.683	0.024
952.792	0.023
952.901	0.023
953.011	0.023
953.120	0.022
953.229	0.022
953.338	0.023
953.447	0.021
953.556	0.022
953.665	0.022
953.774	0.023
953.882	0.024
953.991	0.024
954.100	0.025
954.209	0.025
954.317	0.025
954.426	0.026
954.535	0.025
954.643	0.026
954.752	0.027
954.860	0.028
954.969	0.029
955.077	0.029
955.186	0.028
955.294	0.028
955.402	0.028
955.511	0.027
955.619	0.026
955.727	0.026
955.835	0.025
955.943	0.025
956.051	0.027
956.159	0.027
956.267	0.028
956.375	0.029
956.483	0.029
956.591	0.030
956.699	0.029
956.807	0.029
956.915	0.029
957.022	0.030
957.130	0.030
957.238	0.031
957.345	0.031
957.453	0.031
957.561	0.030
957.668	0.030
957.776	0.029
957.883	0.027
957.990	0.026
958.098	0.027
958.205	0.026
958.312	0.026
958.420	0.025
958.527	0.025
958.634	0.025
958.741	0.025
958.848	0.025
958.955	0.025
959.062	0.023
959.169	0.024
959.276	0.023
959.383	0.023
959.490	0.023
959.597	0.025
959.703	0.026
959.810	0.026
959.917	0.025
960.024	0.025
960.130	0.027
960.237	0.026
960.343	0.026
960.450	0.026
960.556	0.025
960.663	0.025
960.769	0.025
960.876	0.026
960.982	0.026
961.088	0.027
961.195	0.027
961.301	0.027
961.407	0.026
961.513	0.026
961.619	0.027
961.725	0.026
961.831	0.026
961.937	0.026
962.043	0.026
962.149	0.027
962.255	0.028
962.361	0.029
962.467	0.030
962.572	0.030
962.678	0.030
962.784	0.030
962.889	0.030
962.995	0.031
963.101	0.031
963.206	0.030
963.312	0.030
963.417	0.030
963.522	0.030
963.628	0.031
963.733	0.030
963.838	0.029
963.944	0.029
964.049	0.027
964.154	0.026
964.259	0.025
964.364	0.026
964.469	0.025
964.574	0.026
964.679	0.025
964.784	0.025
964.889	0.026
964.994	0.027
965.099	0.027
965.204	0.027
965.309	0.027
965.413	0.027
965.518	0.026
965.623	0.027
965.727	0.027
965.832	0.027
965.936	0.028
966.041	0.029
966.145	0.028
966.250	0.028
966.354	0.028
966.458	0.028
966.563	0.028
966.667	0.027
966.771	0.028
966.875	0.027
966.980	0.027
967.084	0.026
967.188	0.025
967.292	0.025
967.396	0.025
967.500	0.025
967.604	0.025
967.708	0.025
967.812	0.024
967.915	0.023
968.019	0.023
968.123	0.024
968.227	0.024
968.330	0.024
968.434	0.024
968.537	0.024
968.641	0.025
968.744	0.024
968.848	0.025
968.951	0.026
969.055	0.026
969.158	0.027
969.261	0.027
969.365	0.027
969.468	0.027
969.571	0.027
969.674	0.027
969.777	0.028
969.880	0.027
969.984	0.027
970.087	0.026
970.190	0.026
970.292	0.025
970.395	0.025
970.498	0.025
970.601	0.026
970.704	0.025
970.807	0.025
970.909	0.025
971.012	0.025
971.115	0.026
971.217	0.026
971.320	0.026
971.422	0.026
971.525	0.026
971.627	0.025
971.729	0.024
971.832	0.025
971.934	0.024
972.036	0.025
972.139	0.025
972.241	0.025
972.343	0.024
972.445	0.024
972.547	0.025
972.649	0.024
972.751	0.024
972.853	0.023
972.955	0.023
973.057	0.023
973.159	0.025
973.261	0.025
973.363	0.025
973.464	0.026
973.566	0.025
973.668	0.026
973.770	0.026
973.871	0.025
973.973	0.026
974.074	0.026
974.176	0.027
974.277	0.026
974.379	0.027
974.480	0.027
974.581	0.028
974.683	0.029
974.784	0.030
974.885	0.029
974.986	0.029
975.087	0.029
975.188	0.029
975.289	0.030
975.391	0.030
975.492	0.030
975.592	0.030
975.693	0.030
975.794	0.030
975.895	0.030
975.996	0.031
976.097	0.031
976.197	0.031
976.298	0.030
976.399	0.029
976.499	0.029
976.600	0.029
976.700	0.030
976.801	0.029
976.901	0.030
977.002	0.030
977.102	0.030
977.203	0.030
977.303	0.029
977.403	0.029
977.503	0.029
977.603	0.028
977.704	0.027
977.804	0.027
977.904	0.028
978.004	0.027
978.104	0.028
978.204	0.027
978.304	0.027
978.404	0.020
978.503	0.015
978.603	0.038
978.703	0.039
978.803	0.019
978.902	0.025
979.002	0.016
979.102	0.020
